,year,rainseason
0,2016,32.15151515151515
1,2017,30.333333333333332
2,2018,15.212121212121213
3,2019,32.84848484848485
4,2020,44.96969696969697
5,2021,17.0
6,2022,33.06060606060606
