,TRGT_YEAR,GHG_EMS,rainseason
0,2016,99768,32.15151515
1,2017,99240,30.33333333
2,2018,99171,15.21212121
3,2019,99878,32.84848485
